id,post,reply,comment,time_comment
ZmVlZGJhY2s6MTAxNTkzMzcxMjc0OTQyOTc=,Virgin Galactic and Omaze are giving you the chance to win 2 seats on one of the first commercial flights to space Enter here,518.0,Kris Gundersen so agree Richard put your money to supporting your Virgin employees,2021-07-27
ZmVlZGJhY2s6MTAxNTkzMTc0NTcyMjkyOTc=,Happy Birthday to Virgin Galactic Astronaut 001 Richard Branson Hope you have a day that‚Äôs out of this world,526.0,Happy Birthday to the most inspirational Astronaut Richard Branson üéÇWish you many more achievements in space exploration üöÄ,2021-07-18
ZmVlZGJhY2s6MTAxNTkzMTc0NTcyMjkyOTc=,Happy Birthday to Virgin Galactic Astronaut 001 Richard Branson Hope you have a day that‚Äôs out of this world,526.0,Happy Birthday to YOU 001 Make it a GREAT new year See ya real soon on the Scarlet Lady,2021-07-20
ZmVlZGJhY2s6MTAxNTkzMTc0NTcyMjkyOTc=,Happy Birthday to Virgin Galactic Astronaut 001 Richard Branson Hope you have a day that‚Äôs out of this world,526.0,Our greetings and best wishes from Ukraine üá∫üá¶ Be cool Astronaut 001,2021-07-19
ZmVlZGJhY2s6MTAxNTkzMTc0NTcyMjkyOTc=,Happy Birthday to Virgin Galactic Astronaut 001 Richard Branson Hope you have a day that‚Äôs out of this world,526.0,Happy Birthday You shape the future for all of us Y ‚ù§ It is true that Blue Origin ascended just a a little bit above 100km but ‚Äúthe US government recognizes the boundary of space Karman Line to be at about 80km 50 miles and awards astronaut wings to anyone who exceeds this altitude‚Äù Well done Virgin Galactic 90km Y your ticket price per seat is almost for everyone on the other hand Blue Origin is only for Billionaires not even for millionaires,2021-07-19
ZmVlZGJhY2s6MTAxNTkzMTc0NTcyMjkyOTc=,Happy Birthday to Virgin Galactic Astronaut 001 Richard Branson Hope you have a day that‚Äôs out of this world,526.0,Happy Birthday Sir Richard Branson wishing you many more years of great exploits,2021-07-18
ZmVlZGJhY2s6MTAxNTkzMTc0NTcyMjkyOTc=,Happy Birthday to Virgin Galactic Astronaut 001 Richard Branson Hope you have a day that‚Äôs out of this world,526.0,Happy birthday Sir Richard Branson Astronaut 001 Happy for greatest achievement,2021-07-18
ZmVlZGJhY2s6MTAxNTkzMTc0NTcyMjkyOTc=,Happy Birthday to Virgin Galactic Astronaut 001 Richard Branson Hope you have a day that‚Äôs out of this world,526.0,Happy Birthday to the Legend,2021-07-18
ZmVlZGJhY2s6MTAxNTkzMTc0NTcyMjkyOTc=,Happy Birthday to Virgin Galactic Astronaut 001 Richard Branson Hope you have a day that‚Äôs out of this world,526.0,Have a blessed birthday Richard,2021-07-18
ZmVlZGJhY2s6MTAxNTkzMTc0NTcyMjkyOTc=,Happy Birthday to Virgin Galactic Astronaut 001 Richard Branson Hope you have a day that‚Äôs out of this world,526.0,Happy birthday and CONGRATULATIONS for the successful Virgin Galactic sub orbital flight,2021-07-18
ZmVlZGJhY2s6MTAxNTkzMTc0NTcyMjkyOTc=,Happy Birthday to Virgin Galactic Astronaut 001 Richard Branson Hope you have a day that‚Äôs out of this world,526.0,Happy birthday sire Keep raising the bar sir,2021-07-18
ZmVlZGJhY2s6MTAxNTkzMTc0NTcyMjkyOTc=,Happy Birthday to Virgin Galactic Astronaut 001 Richard Branson Hope you have a day that‚Äôs out of this world,526.0,Happy Birthday Richard Branson üéÇ,2021-07-18
ZmVlZGJhY2s6MTAxNTkzMTc0NTcyMjkyOTc=,Happy Birthday to Virgin Galactic Astronaut 001 Richard Branson Hope you have a day that‚Äôs out of this world,526.0,Happy birthday sir Branson I hope I ll fly on your spaceship someday üöÄ,2021-07-18
ZmVlZGJhY2s6MTAxNTkzMTc0NTcyMjkyOTc=,Happy Birthday to Virgin Galactic Astronaut 001 Richard Branson Hope you have a day that‚Äôs out of this world,526.0,Happy birthday sir Your such an inspiration to us all and what a legend‚Ä¶üëçüéÇ,2021-07-18
ZmVlZGJhY2s6MTAxNTkzMTc0NTcyMjkyOTc=,Happy Birthday to Virgin Galactic Astronaut 001 Richard Branson Hope you have a day that‚Äôs out of this world,526.0,Happy Birthday You are the man,2021-07-18
ZmVlZGJhY2s6MTAxNTkzMTc0NTcyMjkyOTc=,Happy Birthday to Virgin Galactic Astronaut 001 Richard Branson Hope you have a day that‚Äôs out of this world,526.0,Happiest of Birthdays Richard from Vero Beach Florida üå¥,2021-07-18
ZmVlZGJhY2s6MTAxNTkzMTc0NTcyMjkyOTc=,Happy Birthday to Virgin Galactic Astronaut 001 Richard Branson Hope you have a day that‚Äôs out of this world,526.0,Happy Birthday Sire Please send the flat earth fanatics to outer space for free,2021-07-20
ZmVlZGJhY2s6MTAxNTkzMTc0NTcyMjkyOTc=,Happy Birthday to Virgin Galactic Astronaut 001 Richard Branson Hope you have a day that‚Äôs out of this world,526.0,Happy Birthday from the Finger Lakes in upstate NY,2021-07-20
ZmVlZGJhY2s6MTAxNTkzMTc0NTcyMjkyOTc=,Happy Birthday to Virgin Galactic Astronaut 001 Richard Branson Hope you have a day that‚Äôs out of this world,526.0,Happy birthday Another year wiser üëçüèº,2021-07-19
ZmVlZGJhY2s6MTAxNTkzMTc0NTcyMjkyOTc=,Happy Birthday to Virgin Galactic Astronaut 001 Richard Branson Hope you have a day that‚Äôs out of this world,526.0,Happy Birthday from Las Cruces New Mexico We have lots of PAWSITIVE energy to share,2021-07-18
ZmVlZGJhY2s6MTAxNTkzMTc0NTcyMjkyOTc=,Happy Birthday to Virgin Galactic Astronaut 001 Richard Branson Hope you have a day that‚Äôs out of this world,526.0,Happy Birthday to Astronaut First one,2021-07-19
ZmVlZGJhY2s6MTAxNTkzMTc0NTcyMjkyOTc=,Happy Birthday to Virgin Galactic Astronaut 001 Richard Branson Hope you have a day that‚Äôs out of this world,526.0,Now that‚Äôs the way to celebrate your Birthday Month,2021-07-18
ZmVlZGJhY2s6MTAxNTkzMTc0NTcyMjkyOTc=,Happy Birthday to Virgin Galactic Astronaut 001 Richard Branson Hope you have a day that‚Äôs out of this world,526.0,A Trailblazer of new era HBD,2021-07-18
ZmVlZGJhY2s6MTAxNTkzMTc0NTcyMjkyOTc=,Happy Birthday to Virgin Galactic Astronaut 001 Richard Branson Hope you have a day that‚Äôs out of this world,526.0,Think I should be the first DJ to play records in space on the next flight Sir Richard,2021-07-20
ZmVlZGJhY2s6MTAxNTkzMTc0NTcyMjkyOTc=,Happy Birthday to Virgin Galactic Astronaut 001 Richard Branson Hope you have a day that‚Äôs out of this world,526.0,Yeah an out of this world Celebration Happy Birthday to you Astronaut 001 Richard Branson,2021-07-19
ZmVlZGJhY2s6MTAxNTkzMTc0NTcyMjkyOTc=,Happy Birthday to Virgin Galactic Astronaut 001 Richard Branson Hope you have a day that‚Äôs out of this world,526.0,Happy birthday Sir Richard Branson and congratulations for the successful flight to the space,2021-07-19
ZmVlZGJhY2s6MTAxNTkzMTc0NTcyMjkyOTc=,Happy Birthday to Virgin Galactic Astronaut 001 Richard Branson Hope you have a day that‚Äôs out of this world,526.0,Happy birthday from sultry Siberia You ve been my inspiration for many many years and now even more so May you be happy each and every day,2021-07-18
ZmVlZGJhY2s6MTAxNTkzMTc0NTcyMjkyOTc=,Happy Birthday to Virgin Galactic Astronaut 001 Richard Branson Hope you have a day that‚Äôs out of this world,526.0,Happy birthday to the one only first space toured Billionaire üíïüåπüéÇüôè,2021-07-18
ZmVlZGJhY2s6MTAxNTkzMTc0NTcyMjkyOTc=,Happy Birthday to Virgin Galactic Astronaut 001 Richard Branson Hope you have a day that‚Äôs out of this world,526.0,I wana have the experience as you have But it‚Äôs only a dream as no money no honey Cheers Happy for you,2021-07-19
ZmVlZGJhY2s6MTAxNTkzMTc0NTcyMjkyOTc=,Happy Birthday to Virgin Galactic Astronaut 001 Richard Branson Hope you have a day that‚Äôs out of this world,526.0,One more flag in Richard‚Äôs achievement Congrats Astronaut 001,2021-07-18
ZmVlZGJhY2s6MTAxNTkzMTc0NTcyMjkyOTc=,Happy Birthday to Virgin Galactic Astronaut 001 Richard Branson Hope you have a day that‚Äôs out of this world,526.0,All spaced out for birthday wishes üöÄ Woop Woop From Earth and Beyond Branson,2021-07-20
ZmVlZGJhY2s6MTAxNTkzMTc0NTcyMjkyOTc=,Happy Birthday to Virgin Galactic Astronaut 001 Richard Branson Hope you have a day that‚Äôs out of this world,526.0,Happy Birthday Sir Branson Astronaut 001 VG üçæ,2021-07-21
ZmVlZGJhY2s6MTAxNTkzMTc0NTcyMjkyOTc=,Happy Birthday to Virgin Galactic Astronaut 001 Richard Branson Hope you have a day that‚Äôs out of this world,526.0,Happy birthday and many happy returns of the day in good health and prosperity,2021-07-22
ZmVlZGJhY2s6MTAxNTkzMTc0NTcyMjkyOTc=,Happy Birthday to Virgin Galactic Astronaut 001 Richard Branson Hope you have a day that‚Äôs out of this world,526.0,Cool as a Jewel and Happy B Day üòé,2021-07-18
ZmVlZGJhY2s6MTAxNTkzMTc0NTcyMjkyOTc=,Happy Birthday to Virgin Galactic Astronaut 001 Richard Branson Hope you have a day that‚Äôs out of this world,526.0,Happy Birthday Sir Richard Take me to space with you next time you go up buddy üòä,2021-07-18
ZmVlZGJhY2s6MTAxNTkzMTc0NTcyMjkyOTc=,Happy Birthday to Virgin Galactic Astronaut 001 Richard Branson Hope you have a day that‚Äôs out of this world,526.0,Happy Birthday Richard Branson you are a source of inspiration for the younger generation You are a star who has been made to reach the starsüåü ‚≠êÔ∏è üåü,2021-07-18
ZmVlZGJhY2s6MTAxNTkzMTc0NTcyMjkyOTc=,Happy Birthday to Virgin Galactic Astronaut 001 Richard Branson Hope you have a day that‚Äôs out of this world,526.0,Happy birthday Mr Branson Mad thinking is not madness I am proud of you,2021-07-20
ZmVlZGJhY2s6MTAxNTkzMTc0NTcyMjkyOTc=,Happy Birthday to Virgin Galactic Astronaut 001 Richard Branson Hope you have a day that‚Äôs out of this world,526.0,you rock happy bday 001,2021-07-18
ZmVlZGJhY2s6MTAxNTkzMTc0NTcyMjkyOTc=,Happy Birthday to Virgin Galactic Astronaut 001 Richard Branson Hope you have a day that‚Äôs out of this world,526.0,Happy Birthday Sir Richard Branson Stay safe and have fun with Virgin Galactic flight,2021-07-18
ZmVlZGJhY2s6MTAxNTkzMTc0NTcyMjkyOTc=,Happy Birthday to Virgin Galactic Astronaut 001 Richard Branson Hope you have a day that‚Äôs out of this world,526.0,Happy birthday SPCE Astronaut 001 We wish you have more birthdays to come and more outer space exploration Additionally I wish your NASDAQ SPCE will fly back to the sky and not down to earth üòä ü•Çüéä,2021-07-19
ZmVlZGJhY2s6MTAxNTkzMTc0NTcyMjkyOTc=,Happy Birthday to Virgin Galactic Astronaut 001 Richard Branson Hope you have a day that‚Äôs out of this world,526.0,Happy birthday Sir Richard,2021-07-18
ZmVlZGJhY2s6MTAxNTkzMTc0NTcyMjkyOTc=,Happy Birthday to Virgin Galactic Astronaut 001 Richard Branson Hope you have a day that‚Äôs out of this world,526.0,Happy birthday to our favorite astronaut,2021-07-19
ZmVlZGJhY2s6MTAxNTkzMTc0NTcyMjkyOTc=,Happy Birthday to Virgin Galactic Astronaut 001 Richard Branson Hope you have a day that‚Äôs out of this world,526.0,Happy Birthday What a day to be born July 20th Apollo landing on the Moon Viking landing on Mars what more can you ask for üç∞üéâüöÄ,2021-07-20
ZmVlZGJhY2s6MTAxNTkzMTc0NTcyMjkyOTc=,Happy Birthday to Virgin Galactic Astronaut 001 Richard Branson Hope you have a day that‚Äôs out of this world,526.0,Talk about lighting a celebratory Unity birthday candle HB JB üïØ,2021-07-18
ZmVlZGJhY2s6MTAxNTkzMTc0NTcyMjkyOTc=,Happy Birthday to Virgin Galactic Astronaut 001 Richard Branson Hope you have a day that‚Äôs out of this world,526.0,What an amazing brand new way to pollute the world D,2021-07-23
ZmVlZGJhY2s6MTAxNTkzMTc0NTcyMjkyOTc=,Happy Birthday to Virgin Galactic Astronaut 001 Richard Branson Hope you have a day that‚Äôs out of this world,526.0,from Kerala the gods own country and the mother land of Santhosh George Kulangara the empannelled astrounout of Vergin Galatic Live long for humanity,2021-07-19
ZmVlZGJhY2s6MTAxNTkzMTc0NTcyMjkyOTc=,Happy Birthday to Virgin Galactic Astronaut 001 Richard Branson Hope you have a day that‚Äôs out of this world,526.0,Great birthday enjoy it for a week üöÄ,2021-07-18
ZmVlZGJhY2s6MTAxNTkzMTc0NTcyMjkyOTc=,Happy Birthday to Virgin Galactic Astronaut 001 Richard Branson Hope you have a day that‚Äôs out of this world,526.0,The Elders Sharing the day with The father of the rainbow nation Nelson Mandela,2021-07-18
ZmVlZGJhY2s6MTAxNTkzMTc0NTcyMjkyOTc=,Happy Birthday to Virgin Galactic Astronaut 001 Richard Branson Hope you have a day that‚Äôs out of this world,526.0,Why are you wishing him death on his birthday Virginia Galactic,2021-07-18
ZmVlZGJhY2s6MTAxNTkzMTc0NTcyMjkyOTc=,Happy Birthday to Virgin Galactic Astronaut 001 Richard Branson Hope you have a day that‚Äôs out of this world,526.0,the ride of his life,2021-07-18
ZmVlZGJhY2s6MTAxNTkzMTc0NTcyMjkyOTc=,Happy Birthday to Virgin Galactic Astronaut 001 Richard Branson Hope you have a day that‚Äôs out of this world,526.0,You re Not our friend Richard,2021-07-28
ZmVlZGJhY2s6MTAxNTkzMTM0MzExNzQyOTc=,Richard Branson s mom Eve always told him to reach for the stars So it was fitting that our mothership which shares her name helped Richard and our crew on their way to space and will also carry the next generation of dreamers to release altitude on their spaceflights too ‚ÄúYou were always my guiding light at Virgin Galactic You shared with me that the day we named our mothership VMS Eve was one of your happiest You always knew Eve would start my journey to space one day just as I always knew you would do the impossible for me ‚Äù,289.0,,
ZmVlZGJhY2s6MTAxNTkzMDMzMzUyMTkyOTc=,To all you kids down there Richard Branson s message from zero gravity Watch the livestream,5824.0,amazing learned a lot took Concorde often did not realize how close space was did Mac 1 2 on it ‚Ä¶ then 3 and space,2021-07-11
ZmVlZGJhY2s6MTAxNTkzMDMzMzUyMTkyOTc=,To all you kids down there Richard Branson s message from zero gravity Watch the livestream,5824.0,Anne Henriquez Crotti W so beautiful it is Wow I m loving it,2021-07-19
ZmVlZGJhY2s6MTAxNTkzMDMzMzUyMTkyOTc=,To all you kids down there Richard Branson s message from zero gravity Watch the livestream,5824.0,I was in tears the whole time I love to fly My father worked for Northrop during the Apollo missions for twenty years and Lockheed Airrospace for another twenty The Apple does not fall far from the tree I am in to Earth science You and your crew are going to help save the world you have the Black Pearl I have the blood you need I am going to send you information of a project that I have been working on for the past 10 years You did what they sead could not be done design build and fly air an space ship close to the configuration of the Enterprise N C C 1701 WOW I love you and your crew „Å©„ÇÇ„ÅÇ„Çä„Åå„Å®„Åî„Åñ„ÅÑ„Åæ„Åô Thank you ÔºãÔºõÔºâ,2021-07-11
ZmVlZGJhY2s6MTAxNTkzMDMzMzUyMTkyOTc=,To all you kids down there Richard Branson s message from zero gravity Watch the livestream,5824.0,Loving you It is amazing Sending to you my love and energy from Thai Ha Books publishing house and Vietnam Dr Hung,2021-07-11
ZmVlZGJhY2s6MTAxNTkzMDMzMzUyMTkyOTc=,To all you kids down there Richard Branson s message from zero gravity Watch the livestream,5824.0,this was probably the best thing I ve watched on TV it was so emotional and incredible,2021-07-11
ZmVlZGJhY2s6MTAxNTkzMDMzMzUyMTkyOTc=,To all you kids down there Richard Branson s message from zero gravity Watch the livestream,5824.0,Tone deaf to what s actually going on down here on the ground everywhere I was born on this planet I ll die on this planet I will be stepping out of this planet leaving behind a world that could have been amazing and even more beautiful for future generations with less suffering pollution hate and disease had the united focus of billionaires everywhere been here investing on the ground üòî Can we not dream bigger than a party in the sky with beautiful people,2021-07-12
ZmVlZGJhY2s6MTAxNTkzMDMzMzUyMTkyOTc=,To all you kids down there Richard Branson s message from zero gravity Watch the livestream,5824.0,I love this I‚Äôm happy some one could do this I wish I could afford it but this will only be for the vert very rich at least in my life time I don‚Äôt know I have mixed feelings In this times humanity needs more solidarity There are kids in the world and in your neighborhood who don‚Äôt eat or have clean water or a home or access to vaccines or a health provider with basic medications to overcome a fever etc etc Again I love this but there are things that are more urgent‚Ä¶ All those millions put out into this could save sooo many people and get them out of poverty Social conscious and equal opportunities are as important as progress But I guess there‚Äôs no business in that,2021-07-12
ZmVlZGJhY2s6MTAxNTkzMDMzMzUyMTkyOTc=,To all you kids down there Richard Branson s message from zero gravity Watch the livestream,5824.0,The shooting star at the end of video is awesome,2021-07-11
ZmVlZGJhY2s6MTAxNTkzMDMzMzUyMTkyOTc=,To all you kids down there Richard Branson s message from zero gravity Watch the livestream,5824.0,Wish I had an extra 250k laying around because this would be an awesome adventure,2021-07-11
ZmVlZGJhY2s6MTAxNTkzMDMzMzUyMTkyOTc=,To all you kids down there Richard Branson s message from zero gravity Watch the livestream,5824.0,Nothing great Another adult playground for those who have grown tired of fancy cars and big luxurious houses Just imagine what you can do if all those imaginations and money are used to save our planet üåé instead You can watch from space as our planet crumbles from all the deforestation and toxification,2021-07-11
ZmVlZGJhY2s6MTAxNTkzMDMzMzUyMTkyOTc=,To all you kids down there Richard Branson s message from zero gravity Watch the livestream,5824.0,Try staying here on earth and doing something REAL right here with all those billions of rather than conducting your extraterrestrial marbles contests with another of your billionaire mates,2021-07-12
ZmVlZGJhY2s6MTAxNTkzMDMzMzUyMTkyOTc=,To all you kids down there Richard Branson s message from zero gravity Watch the livestream,5824.0,So the British Government bailed this muppet so he can become a space cowboy How much damage to the ozone will be made with the rich going for a jolly Bloody joke The bloke sued the NHS because he lost out on a contract I would never use Virgin,2021-07-12
ZmVlZGJhY2s6MTAxNTkzMDMzMzUyMTkyOTc=,To all you kids down there Richard Branson s message from zero gravity Watch the livestream,5824.0,No the sky is not the limit There is no limit,2021-07-11
ZmVlZGJhY2s6MTAxNTkzMDMzMzUyMTkyOTc=,To all you kids down there Richard Branson s message from zero gravity Watch the livestream,5824.0,HI Richard Branson Jeff Bezos and Eon Musk Instead of spending Billions of on the space races allowing only a few to move on another planet like Mars Can you try to help to fix our planet and invest in making our world better for future generations We have to admit Earth is not super hospitable and will get worst with pollution and Global warming and overpopulation but we have water and air that we can clean Which is in my book better than any other planets we know so far Just a tougth,2021-07-12
ZmVlZGJhY2s6MTAxNTkzMDMzMzUyMTkyOTc=,To all you kids down there Richard Branson s message from zero gravity Watch the livestream,5824.0,Pretty cool yet unbelievably tone deaf ü§¨ Shudder to think how much has been spent on this vanity project whilst the various Virgin outfits have benefited from Government grants and Covid bailouts,2021-07-12
ZmVlZGJhY2s6MTAxNTkzMDMzMzUyMTkyOTc=,To all you kids down there Richard Branson s message from zero gravity Watch the livestream,5824.0,Admire you‚Äîbut not sure I respect this expensive ‚Äúparty‚Äù video,2021-07-12
ZmVlZGJhY2s6MTAxNTkzMDMzMzUyMTkyOTc=,To all you kids down there Richard Branson s message from zero gravity Watch the livestream,5824.0,Amazing Wonderful news to warm out hearts in this difficult time Thanks for that it was nice to watch with my 4 kids from Brazil,2021-07-11
ZmVlZGJhY2s6MTAxNTkzMDMzMzUyMTkyOTc=,To all you kids down there Richard Branson s message from zero gravity Watch the livestream,5824.0,You need people of vision to move society forward not everyone has the ability to see the positives and benefits that space can deliver Ignore the negatives‚Ä¶ congratulations all at Virgin Galatica,2021-07-11
ZmVlZGJhY2s6MTAxNTkzMDMzMzUyMTkyOTc=,To all you kids down there Richard Branson s message from zero gravity Watch the livestream,5824.0,It very impressive really however our beutiful earth needs care and it looks that only the rich people have the power to drive an enviroment restoration,2021-07-13
ZmVlZGJhY2s6MTAxNTkzMDMzMzUyMTkyOTc=,To all you kids down there Richard Branson s message from zero gravity Watch the livestream,5824.0,I m envious that is awesome great job by all,2021-07-11
ZmVlZGJhY2s6MTAxNTkzMDMzMzUyMTkyOTc=,To all you kids down there Richard Branson s message from zero gravity Watch the livestream,5824.0,A living legend and true adventurer This is the sort of excitement and hope for the future that the world so desperately needs Congratulations to all,2021-07-11
ZmVlZGJhY2s6MTAxNTkzMDMzMzUyMTkyOTc=,To all you kids down there Richard Branson s message from zero gravity Watch the livestream,5824.0,Watching this was so cool History being made so congratulations to all of the astronauts and everyone being a part of this mission üöÄüõ∏üõ∞Ô∏è,2021-07-11
ZmVlZGJhY2s6MTAxNTkzMDMzMzUyMTkyOTc=,To all you kids down there Richard Branson s message from zero gravity Watch the livestream,5824.0,Amazing moment in history and what it means for humanity going forward Congrats to everyone involved,2021-07-11
ZmVlZGJhY2s6MTAxNTkzMDMzMzUyMTkyOTc=,To all you kids down there Richard Branson s message from zero gravity Watch the livestream,5824.0,No pessimist ever discovered the secret of the stars or sailed an uncharted land or opened a new doorway for the human spirit Amazing amazing amazingüëè,2021-07-11
ZmVlZGJhY2s6MTAxNTkzMDMzMzUyMTkyOTc=,To all you kids down there Richard Branson s message from zero gravity Watch the livestream,5824.0,This is one of the coolest bravest innovative things I ve ever seen Congrats best wishes to all who helped make today happen Shed a tear at your film tribute to your Mum I ve no doubts your parents watched over you today elated by your beaming smile of your childhood dreams realised Such a full circle moment of validation I don t know you to be thrilled for you all your team fantastic achievement enjoy every moment ‚ú®üôåüèª‚ú®,2021-07-11
ZmVlZGJhY2s6MTAxNTkzMDMzMzUyMTkyOTc=,To all you kids down there Richard Branson s message from zero gravity Watch the livestream,5824.0,Pretty much a publicity stunt No new technology here They don‚Äôt talk much about plane that took them up so they could launch from already high up Totally non green The energy needed per person to go to space is huge This guy like most super rich preach green but act and consume big time,2021-07-11
ZmVlZGJhY2s6MTAxNTkzMDMzMzUyMTkyOTc=,To all you kids down there Richard Branson s message from zero gravity Watch the livestream,5824.0,an incredible first step to allowing others the chance to achieve this amazing space dream i hope that in the coming years space tourism prices will decrease and everyone can experience this experience especially me üòÅcongratulation to those that are forging the path üöÄüåç,2021-07-11
ZmVlZGJhY2s6MTAxNTkzMDMzMzUyMTkyOTc=,To all you kids down there Richard Branson s message from zero gravity Watch the livestream,5824.0,Watched it from Perth Australia Congratulations to all the past and present teams on this milestone Well done,2021-07-11
ZmVlZGJhY2s6MTAxNTkzMDMzMzUyMTkyOTc=,To all you kids down there Richard Branson s message from zero gravity Watch the livestream,5824.0,Credit due to the genius of Burt Rutan and the original team for the feathered wing design Not to mention the bravery of the first test pilots who flew the original white knight into the black sky for the first time,2021-07-11
ZmVlZGJhY2s6MTAxNTkzMDMzMzUyMTkyOTc=,To all you kids down there Richard Branson s message from zero gravity Watch the livestream,5824.0,WOW Absolutely amazing Richard you are a true inspiration for all the living genrations Hearfelt respect and congratulations As a prospective Virgin Galactic Spacefarer I can hardly wait to share this experience,2021-07-11
ZmVlZGJhY2s6MTAxNTkzMDMzMzUyMTkyOTc=,To all you kids down there Richard Branson s message from zero gravity Watch the livestream,5824.0,As a shareholder I am very happy and proud for you Congratulations As my GF said JB is using old technology VG is using new technology they designed bravo,2021-07-11
ZmVlZGJhY2s6MTAxNTkzMDMzMzUyMTkyOTc=,To all you kids down there Richard Branson s message from zero gravity Watch the livestream,5824.0,i ve always had the same dream but it takes money,2021-07-11
ZmVlZGJhY2s6MTAxNTkzMDMzMzUyMTkyOTc=,To all you kids down there Richard Branson s message from zero gravity Watch the livestream,5824.0,Seeing him smiling at the end there while floating warms my heart I m happy for him and everyone involved at VG,2021-07-11
ZmVlZGJhY2s6MTAxNTkzMDMzMzUyMTkyOTc=,To all you kids down there Richard Branson s message from zero gravity Watch the livestream,5824.0,Rich man worth est 5 2B who doesn t pay any personal income tax who sacked all his staff at Virgin Atlantic saying they were facing a massive battle to survive and save jobs‚Äù then asked the Govt for a ¬£500m bailout Who s Virgin Care was awarded ¬£2bn worth of NHS and local authority healthcare deals but paid no corporate tax in the UK while operating at a loss Goes on an ego trip into space and everyone laps it up Barnum and Bailey He s not a visionary he s a man child not a hippy bucanner He s a smoother Philip Green when are we going to stop putting people like this on a pedestal as if greed however it s painted is the highest form of human achievement,2021-07-12
ZmVlZGJhY2s6MTAxNTkzMDMzMzUyMTkyOTc=,To all you kids down there Richard Branson s message from zero gravity Watch the livestream,5824.0,To all the kids remember that this is financially out of reach for probably 99 of you Dream hard,2021-07-12
ZmVlZGJhY2s6MTAxNTkzMDMzMzUyMTkyOTc=,To all you kids down there Richard Branson s message from zero gravity Watch the livestream,5824.0,How can there be so many people in the comments praising him while he should better have invested his billions into fighting climate change and pollution Those billionaires are so out of touch with what is going on in the world Incredible Shame on Branson Bezos Musk and the others with their stupid childish space endeavors while here on earth everything is going to waste‚Ä¶ I guess that‚Äôs Murphy‚Äôs Law,2021-07-11
ZmVlZGJhY2s6MTAxNTkzMDMzMzUyMTkyOTc=,To all you kids down there Richard Branson s message from zero gravity Watch the livestream,5824.0,Richard Branson if you had put 1 10 th of your energy into saving our planet instead of vanity projects like this imagine how many more of us you are looking down on would be able to see their kids grow up in a healthy world,2021-07-12
ZmVlZGJhY2s6MTAxNTkzMDMzMzUyMTkyOTc=,To all you kids down there Richard Branson s message from zero gravity Watch the livestream,5824.0,It s not a space ship you re not IN space you re barely at the edge Boldly going where thousands have gone before,2021-07-11
ZmVlZGJhY2s6MTAxNTkzMDMzMzUyMTkyOTc=,To all you kids down there Richard Branson s message from zero gravity Watch the livestream,5824.0,Here is a shout out to Richard Branson Great Job reaching space except you failed to get there By your press release your Airplane hit 53 miles from the surface of the planet This is 9 miles short of the Karman Line that distance from the earth s surface that distinguishes our atmosphere and deep true space Maybe next time,2021-07-11
ZmVlZGJhY2s6MTAxNTkzMDMzMzUyMTkyOTc=,To all you kids down there Richard Branson s message from zero gravity Watch the livestream,5824.0,Prayed last night for their safe flight in space this morning Amazing Thank God for great minds and big dreamers like Richard Branson,2021-07-11
ZmVlZGJhY2s6MTAxNTkzMDMzMzUyMTkyOTc=,To all you kids down there Richard Branson s message from zero gravity Watch the livestream,5824.0,Space jamboree one small step by virgin lead to a giant leap for billionaires league Space tourismo will be the new kind of adventurism A fetish sport for Richie Rich kids It s all about money Honey,2021-07-11
ZmVlZGJhY2s6MTAxNTkzMDMzMzUyMTkyOTc=,To all you kids down there Richard Branson s message from zero gravity Watch the livestream,5824.0,How many people could you have helped with the money it took to do this We could end homelessness starvation and poverty We could help humanity grow but instead we built a rocket Woo hoo,2021-07-12
ZmVlZGJhY2s6MTAxNTkzMDMzMzUyMTkyOTc=,To all you kids down there Richard Branson s message from zero gravity Watch the livestream,5824.0,I would be more impressed if they paid their fair share of taxes,2021-07-11
ZmVlZGJhY2s6MTAxNTkzMDMzMzUyMTkyOTc=,To all you kids down there Richard Branson s message from zero gravity Watch the livestream,5824.0,Amazing stuff Massive inspiration Branson to the younger one s From selling burgers in your burger van to creating history above our planet üëèüëèüëèüëèüëè‚ù§ keep it up üòä,2021-07-11
ZmVlZGJhY2s6MTAxNTkzMDMzMzUyMTkyOTc=,To all you kids down there Richard Branson s message from zero gravity Watch the livestream,5824.0,God I wish in my lifetime I could do this with my kids before I leave this planet Well done Sir R B from an ex Cabin Crew Member for Monarch Airlines back in the days of smoking or non smoking üòÇ,2021-07-11
ZmVlZGJhY2s6MTAxNTkzMDMzMzUyMTkyOTc=,To all you kids down there Richard Branson s message from zero gravity Watch the livestream,5824.0,It s sad to see negative comments on this flight by those who get brainwashed by the media portraying it as a billionaire space race Pushing the limits of technology has got us to where we are today Accomplishing goals and reaching for the stars got you this screen you looking at Sitting at home crying about how billionaires could give you another stimmy check will get you and the WORLD nowhere Open your eyes and congratulate those who do the unimaginable because they are the ones that are writing the future NOT YOU Congratulations Richard and your crew,2021-07-11
ZmVlZGJhY2s6MTAxNTkzMDMzMzUyMTkyOTc=,To all you kids down there Richard Branson s message from zero gravity Watch the livestream,5824.0,Ok what about energy is it a good way to save the planet Rich playing cosmonautes life isn it Monet for nothing,2021-07-12
ZmVlZGJhY2s6MTAxNTkzMDMzMzUyMTkyOTc=,To all you kids down there Richard Branson s message from zero gravity Watch the livestream,5824.0,Finally the positive futurism I remember as a little kid in the 1960s is back Thanks,2021-07-11
ZmVlZGJhY2s6MTAxNTkzMDMzMzUyMTkyOTc=,To all you kids down there Richard Branson s message from zero gravity Watch the livestream,5824.0,With almost 50 years old I really would like to take one of my Lego Astronauts to space,2021-07-11
ZmVlZGJhY2s6MTAxNTkzMDMzMzUyMTkyOTc=,To all you kids down there Richard Branson s message from zero gravity Watch the livestream,5824.0,I am trying to decide if Richard Branson‚Äôs space flight was real and if so where was his space suit and how did that aircraft stay together at three times the speed of sound,2021-07-12
ZmVlZGJhY2s6MTAxNTkzMDMzMzUyMTkyOTc=,To all you kids down there Richard Branson s message from zero gravity Watch the livestream,5824.0,Richard Branson flies into space and is very pleased with himself a few months ago he was begging for Government money for his airline company some magical money tree that,2021-07-13
ZmVlZGJhY2s6MTAxNTkzMDMzMzUyMTkyOTc=,To all you kids down there Richard Branson s message from zero gravity Watch the livestream,5824.0,Congratulations to everyone at Virgin Galactic for an amazing day your reward for many years of work,2021-07-11
ZmVlZGJhY2s6MTAxNTkzMDMzMzUyMTkyOTc=,To all you kids down there Richard Branson s message from zero gravity Watch the livestream,5824.0,Where are all the Flat Earth people saying he staged this with CGI ü§î,2021-07-11
ZmVlZGJhY2s6MTAxNTkzMDMzMzUyMTkyOTc=,To all you kids down there Richard Branson s message from zero gravity Watch the livestream,5824.0,To the next generation of dreamers If we can do this just imagine what you can do,2021-07-11
ZmVlZGJhY2s6MjI5NzY2NTcyMzEwOTI3,WATCH LIVE Richard Branson and crew of mission specialists fly to space on Virgin Galactic‚Äôs A new space age is here,9897.0,,
ZmVlZGJhY2s6MTAxNTkzMDI1NzY2MDQyOTc=,It‚Äôs a beautiful day to go to space Richard Branson and the crew have arrived at Spaceport America in New Mexico Get ready to watch our test flight LIVE at 7 30 am PT 10 30 am ET 3 30 pm BST on www virgingalactic com,714.0,,
ZmVlZGJhY2s6MTAxNTkzMDI0Njc5NTQyOTc=,NEW TIME Watch launch and livestream TODAY at 7 30 am PT 10 30 am ET 3 30 pm BST Good morning from Spaceport America in New Mexico Overnight weather delayed the start of flight preparations but we are on track to fly today with a newly scheduled time WATCH www virgingalactic com,328.0,,
ZmVlZGJhY2s6MTAxNTkzMDEzNjc0NzQyOTc=,Wake up and watch the launch of the next space age Our crew of mission specialists including Richard Branson are just hours away from our test flight launch Watch live tomorrow at 8 30 am PT 10 30 am ET 3 30pm BST on www virgingalactic com,370.0,,
ZmVlZGJhY2s6MTAxNTkzMDA2NTUxNjkyOTc=,From Richard Branson s dream to reality this is the story of Virgin Galactic Imagine what greatness can come from the next generation of dreamers Watch the launch live tomorrow at 6 am PT 9 am ET 2 pm BST on www virgingalactic com,716.0,,
ZmVlZGJhY2s6MTAxNTkyOTkxNTMxODkyOTc=,2 days until There‚Äôs space for all so we invited a few special guests to join our global livestream Stephen Colbert Khalid Col Chris Hadfield and Kellie Gerardi Watch the launch live this Sunday at 6 am PT 9 am ET 2 pm BST on,202.0,,
ZmVlZGJhY2s6MTAxNTkyOTcwMDA1MDkyOTc=,3 days until Come inside the hangar for pre flight preparations as our spaceship VSS Unity joins forces with our mothership VMS Eve Watch the launch live this Sunday at 6 am PT 9 am ET 2 pm BST,174.0,,
ZmVlZGJhY2s6MTAxNTkyOTY2ODQ0MDkyOTc=,Stephen Colbert is in are you Join us and livestream host Stephen Colbert this Sunday at 6 am PT 9 am ET 2 pm GST WATCH LIVE Virgin Galactic Unity 22 Spaceflight Livestream on www virgingalactic com,63.0,,
ZmVlZGJhY2s6MTAxNTkyOTU2NjUxMTkyOTc=,Join us July 11th for our first fully crewed rocket powered test flight and the beginning of a new space age Aboard will be our team of two pilots and four mission specialists including Sir Richard Branson They will put our Future Astronaut spaceflight experience to a final test while giving the world a preview of the life changing experience,929.0,,
ZmVlZGJhY2s6MTAxNTkyOTUyMzMwNjQyOTc=,It‚Äôs our honor to introduce Sirisha Bandla Colin Bennett and Beth Moses as the crew joining Richard Branson on our test flight We sat down with each of them to explore their unique backgrounds roles for the mission and what the next era of space travel means for the world Watch the flight live this Sunday here,54.0,,
ZmVlZGJhY2s6MTAxNTkyNjczODg1MjkyOTc=,There is nothing more uplifting than a hug from zero gravity Adam King a 6 year old boy from Ireland flew a special heart shaped message on our recent spaceflight Adam who loves space and dreams of becoming a CAPCOM in Mission Control wanted to fly his virtual hug to space so that he could ‚Äúwrap a hug around the world‚Äù and encourage people to connect with each other He continues to inspire thousands around the world with his story and movement It was our honor to fly your message to space Adam ‚Äì it got quite the view,44.0,,
ZmVlZGJhY2s6MTAxNTkyMjA2NzcxODQyOTc=,Meet Kellie Gerardi bioastronautics researcher mother science communicator commercial spaceflight advocate and payload specialist Kellie is set to fly on a dedicated research mission during which she will conduct experiments and test new healthcare technologies on behalf of the International Institute of Astronautical Sciences IIAS Learn more about Kellie‚Äôs work and lifelong passion for democratizing access to space here,69.0,,
ZmVlZGJhY2s6MTAxNTkxOTc1MzM1MDQyOTc=,Boundless beauty awaits,48.0,,
ZmVlZGJhY2s6MTAxNTkwODc5MjE0NDkyOTc=,Imagine in all its glory üöÄ,103.0,,
ZmVlZGJhY2s6MTAxNTkwNzU3NTA1MDQyOTc=,Leave a ‚ù§Ô∏è if you love the look of Imagine,154.0,,
ZmVlZGJhY2s6MTAxNTkwNzM3MzE5MDkyOTc=,We‚Äôre struggling to pick our favorite image Help us out Imagine,395.0,,
ZmVlZGJhY2s6MTAxNTkxNDE3MjY3MjkyOTc=,We celebrate the life and achievements of Apollo 11 astronaut Michael Collins In 1969 Michael Neil Armstrong and Buzz Aldrin ignited a passion for human space travel which we still feel to this day,58.0,,
ZmVlZGJhY2s6MTAxNTkxMzc4MDIxNzQyOTc=,VMS Eve returns to the skies above Spaceport America This flight tested an upgrade that will further improve the performance of our mothership during its smooth climb to release altitude Pilots were Nicola Pecile and Mark Stucky also onboard was Flight Test Engineer Jake Varhus,81.0,,
ZmVlZGJhY2s6MTAxNTkxMDM4ODA2MTQyOTc=,We asked Virgin Galactic Chief Astronaut Instructor and the world‚Äôs first female commercial astronaut Beth Moses for her thoughts on the evolution of the space industry This picture was taken when she flew into space on our second spaceflight Happy Sixty years ago today Yuri Gagarin became the first human to travel into space Read Beth‚Äôs blog,74.0,,
ZmVlZGJhY2s6MTAxNTg5OTg2OTMyNjQyOTc=,The Future of the Fleet Rollout March 30th,190.0,,
ZmVlZGJhY2s6MTAxNTg5OTg2Njk0MDQyOTc=,Virgin Galactic announces fourth quarter and full year 2020 financial results Key updates below Rollout of second spaceship scheduled to take place on March 30th Next rocket powered spaceflight targeted to occur in May Announced expected timing of revenue generating flight with the Italian Air Force Read the full announcement here,124.0,,
ZmVlZGJhY2s6MTAxNTg5OTIxMjIwNjkyOTc=,Virgin Galactic announces legendary former Disney Imagineer Joe Rohde as Experience Architect He will help design and guide the overall experience journey for future astronauts friends and family and inspired fans alike,103.0,,
ZmVlZGJhY2s6MTAxNTkxOTYxNzc0NjQyOTc=,Space is too good not to share Our proof is in the incredible views of Earth aboard See more from the spaceflight,219.0,,
ZmVlZGJhY2s6MTAxNTkxOTQ5NTQ3MzQyOTc=,Today‚Äôs view Infinite made a beautiful ascent to apogee over Spaceport America New Mexico virg in ZLsU,278.0,,
ZmVlZGJhY2s6MTAxNTkxOTQ0NTc5MzQyOTc=,It s a beautiful day for space,126.0,,
ZmVlZGJhY2s6MTAxNTkyODQwODc0ODQyOTc=,Introducing Virgin Galactic Astronaut 001‚Ä¶ Join us July 11th for the start of a new space age Aboard the first fully crewed rocket powered test flight our team of two pilots and four mission specialists including Richard Branson will put our Future Astronaut spaceflight experience to a final test while giving the world a preview of the life changing experience Be part of this historic moment by watching LIVE on www virgingalactic com and our social media channels The countdown begins,395.0,,
ZmVlZGJhY2s6MTAxNTkyNzExMTM2NzQyOTc=,Full Commercial Launch license ‚úÖ Our recent spaceflight performed well against all flight objectives and marks the first time the FAA has licensed a spaceline to fly customers Next up in our flight test program ‚Äì a fully crewed spaceflight this Summer,404.0,,
ZmVlZGJhY2s6MTAxNTkwNzI5MjM1NjQyOTc=,Imagine will take you there Introducing the first in the fleet Read more,96.0,,
ZmVlZGJhY2s6MTAxNTkwNzIwMTI5NjQyOTc=,To be human is to be curious‚Ä¶ Don‚Äôt miss the first look at the Future of our Fleet üìç üóì March 30th ‚è± 7 30a m ET,42.0,,
ZmVlZGJhY2s6MTAxNTkwMjM2NzM2MjQyOTc=,Today we‚Äôre celebrating We‚Äôre a better and stronger Company because of the inspirational women with us on our mission to open access to space for more people To the many female engineers building our spaceships to our Pilot Kelly Latimer our first female commercial astronaut Beth Moses our Program Director for Propulsion Systems Connie Soper and the hundreds of other talented female teammates at Virgin Galactic thank you smashing stereotypes and showing future generations that a career in aerospace is for all Meet some of the inspirational women at Virgin Galactic on this link,21.0,,
ZmVlZGJhY2s6MTAxNTk0MDM2MzE3NDQyOTc=,,,Don t be discouraged by the temporary FAA grounding It will show just how safe and science backed Virgin Galactic is At no time were humans not safe This is part of the fine tuning process The Virgin Galactic check and balance process is so precise that it will notify the highly trained flight and ground crews of any slight deviation from the flight plan Unity was way within the safety margin The spaceliner and crew are very capable of adjusting to atmospheric conditions,2021-09-03
ZmVlZGJhY2s6MTAxNTk0MDM2MzE3NDQyOTc=,,,Outstanding I look forward to a successful flight and safe return of passengers and crew As I m writing a book about Space Travel Careers I look forward to interviewing crew members and passengers,2021-09-03
ZmVlZGJhY2s6MTAxNTk0MDM2MzE3NDQyOTc=,,,Scott Lewis because she‚Äôs the only civvie,2021-09-02
ZmVlZGJhY2s6MTAxNTk0MDM2MzE3NDQyOTc=,,,Awesome I m looking forward to my flight on,2021-09-02
ZmVlZGJhY2s6MTAxNTk0MDM2MzE3NDQyOTc=,,,Don t hold your breath,2021-09-02
ZmVlZGJhY2s6MTAxNTk0MDM2MzE3NDQyOTc=,,,The FAA might have a problem with that,2021-09-02
ZmVlZGJhY2s6MTAxNTk0MDM2MzE3NDQyOTc=,,,Virgin is the ONLY way I ll fly,2021-09-02
ZmVlZGJhY2s6MTAxNTk0MDM2MzE3NDQyOTc=,,,Ridiculous It would have been more realistic and truthful to say they are flying in a fantastic experience paid by Italian people,2021-09-02
ZmVlZGJhY2s6MTAxNTk0MDM2MzE3NDQyOTc=,,,L‚ÄôItalia c‚Äô√® üáÆüáπ,2021-09-02
ZmVlZGJhY2s6MTAxNTk0MDM2MzE3NDQyOTc=,,,Jeff Bezos rotten push to gain and push Virgin Galactic behind him,2021-09-05
ZmVlZGJhY2s6MTAxNTk0MDM2MzE3NDQyOTc=,,,Me leva contigo eu tamb√©m quero voar at√© ao espa√ßo quero ver como funciona alguns fen√¥menos,2021-09-02
ZmVlZGJhY2s6MTAxNTk0MDM2MzE3NDQyOTc=,,,Sounds like a jolly for the Italian Air force lol I sure they will enjoy it,2021-09-02
ZmVlZGJhY2s6MTAxNTk0MDM2MzE3NDQyOTc=,,,Excellent team VG TSC,2021-09-02
ZmVlZGJhY2s6MTAxNTk0MDM2MzE3NDQyOTc=,,,Branson is did this company a disservice and it‚Äôs investors Reading through this thread I was better off donating the money Sell the company to someone not looking for attention but instead mission accomplishment Rant over,2021-09-03
ZmVlZGJhY2s6MTAxNTk0MDM2MzE3NDQyOTc=,,,They make you all funny They are the Galactic Federation in reallife They also have connections with the extraterrestrials,2021-09-02
ZmVlZGJhY2s6MTAxNTk0MDM2MzE3NDQyOTc=,,,Are ya gonna hide flight details of theis flight for 40 days too,2021-09-02
ZmVlZGJhY2s6MTAxNTk0MDM2MzE3NDQyOTc=,,,date for the flight,2021-09-02
ZmVlZGJhY2s6MTAxNTk0MDM2MzE3NDQyOTc=,,,hello i live in haiti we had an earthquake thank god i and my family we are alive but my house is collapsed as well as our luggage we lost everything finally we ask you to me please help the situation is very hard for us because we have children,2021-09-02
ZmVlZGJhY2s6MTAxNTk0MDM2MzE3NDQyOTc=,,,When time go to space again üíû,2021-09-02
ZmVlZGJhY2s6MTAxNTk0MDM2MzE3NDQyOTc=,,,lemme know if ye need a piano player for any upcoming missions,2021-09-03
ZmVlZGJhY2s6MTAxNTk0MDM2MzE3NDQyOTc=,,,CANCELADOS,2021-09-02
ZmVlZGJhY2s6MTAxNTk0MDM2MzE3NDQyOTc=,,,why is Moses the only one not looking like a gun is pointed at them,2021-09-02
ZmVlZGJhY2s6MTAxNTk0MDM2MzE3NDQyOTc=,,,This is good news I am ready locked and loaded to sell all my stocks üòâ,2021-09-02
ZmVlZGJhY2s6MTAxNTk0MDM2MzE3NDQyOTc=,,,Whatever just get this stock back above 50 so Sir Richard can dilute it and crash it again dude thinks he s Elon,2021-09-04
ZmVlZGJhY2s6MTAxNTk0MDM2MzE3NDQyOTc=,,,Excellent news üëç,2021-09-02
ZmVlZGJhY2s6MTAxNTk0MDM2MzE3NDQyOTc=,,,Beth gets to go AGAIN Luckyyyyy,2021-09-02
ZmVlZGJhY2s6MTAxNTk0MDM2MzE3NDQyOTc=,,,Awesome,2021-09-02
ZmVlZGJhY2s6MTAxNTk0MDM2MzE3NDQyOTc=,,,I am sorry to read a lot of these stupid comments‚Ä¶,2021-09-02
ZmVlZGJhY2s6MTAxNTk0MDM2MzE3NDQyOTc=,,,stays focused,2021-09-04
ZmVlZGJhY2s6MTAxNTk0MDM2MzE3NDQyOTc=,,,Great work,2021-09-02
ZmVlZGJhY2s6MTAxNTk0MDM2MzE3NDQyOTc=,,,Ok this is getting DUMB,2021-09-02
ZmVlZGJhY2s6MTAxNTk0MDM2MzE3NDQyOTc=,,,Stop playing please,2021-09-03
ZmVlZGJhY2s6MTAxNTk0MDM2MzE3NDQyOTc=,,,Explore Antarctica to see the rest of the,2021-09-02
ZmVlZGJhY2s6MTAxNTk0MDM2MzE3NDQyOTc=,,,Ma non hanno fermato i voli,2021-09-06
ZmVlZGJhY2s6MTAxNTk0MDM2MzE3NDQyOTc=,,,Any idea how long they will be in orbit to enable them to do the experiments,2021-09-03
ZmVlZGJhY2s6MTAxNTk0MDM2MzE3NDQyOTc=,,,Make it so,2021-09-02
ZmVlZGJhY2s6MTAxNTk0MDM2MzE3NDQyOTc=,,,Fifth contradiction That is the contradiction between factions and enemies Russia is an ally of China but China is eager to destroy Russia every second China only thinks about eliminating U S once a year But China also ordered U S to bully Russia forcing Russia to conduct military exercise with China in the Persian Gulf Similarly now only the Workers Party of Korea and the Russian Communist Party truly inherit communism Communism is the most advanced but even Trump also wants North Korea to abandon nuclear weapons and wants to eliminate the only national force that can resist China Everything is because the ruling classes in U S and West are brain control cannibals No matter how white they are no matter how they have a foundation of moral convictions they never realize the suffering of the people being injured by brain control So the ruling classes s practice is actually anti revolutionary This contradiction is another key to saving this world,2021-09-02
ZmVlZGJhY2s6MTAxNTk0MDM2MzE3NDQyOTc=,,,You should look into the whole globe earth thing and see whether you still believe there is an outer space in which they claim to travel Mars Rodent spotted on Mars Mars found in Greenland FLAT STATIONARY EARTH WHAT ON EARTH HAPPENED PARTS 1 6 Earth ‚Äì The grand illusion Flat Earth rising meet the people casting aside 2 500 years of science Clouds behind the sun Still believe the sun is 93 million miles away,2021-09-02
ZmVlZGJhY2s6MTAxNTk0MDM2MzE3NDQyOTc=,,,The rich often think they can break rules without consequences This is false,2021-09-06
ZmVlZGJhY2s6MTAxNTkzNzQyNDYwOTkyOTc=,,,Mike Carnell It s up over 133 since the merger what s wrong with you,2021-08-15
ZmVlZGJhY2s6MTAxNTkzNzQyNDYwOTkyOTc=,,,Mike Carnell hey Mike Really you just said that Donate money and you get free tickets This guys a crook lol,2021-08-16
ZmVlZGJhY2s6MTAxNTkzNzQyNDYwOTkyOTc=,,,The real focus with space travel is MOTHERSHIP The theatrics of the first VG ship to space is peanuts Once you re in space the space capsules space ships what have you are only the extension of what the platform really represents remember my words Earth VA has achieved something much more than a tourist attraction This is the ability for a new life for mankind HOWEVER Never to forget our Mother Earth No matter what we achieve if we kill where we came from we are only as good as parasites death we might as well end our species if we become nothing more than a plague that we have become on our Mother Earth Yes we are Earth s plague Impossible to move from Earth until we fix humanity fix compassion fix life HERE Otherwise nothing matters we re better off dead,2021-08-15
ZmVlZGJhY2s6MTAxNTkzNzQyNDYwOTkyOTc=,,,When Virgin Galactic can put a passenger craft in orbit I ll be much more impressed So far these have been the tourist equivalent of the Mercury missions,2021-08-15
ZmVlZGJhY2s6MTAxNTkzNzQyNDYwOTkyOTc=,,,i cant wait for this experienceüòÅüöÄ,2021-08-15
ZmVlZGJhY2s6MTAxNTkzNzQyNDYwOTkyOTc=,,,Wish you would revolutionize your stock instead of tanking it ü§∑‚Äç‚ôÇÔ∏è,2021-08-15
ZmVlZGJhY2s6MTAxNTkzNzQyNDYwOTkyOTc=,,,waiting for that day when i will go to the out world i mean my first love üòçSPACEüòç,2021-08-15
ZmVlZGJhY2s6MTAxNTkzNzQyNDYwOTkyOTc=,,,Well the design is really phenomenal,2021-08-15
ZmVlZGJhY2s6MTAxNTkzNzQyNDYwOTkyOTc=,,,Well after all God wanted to be able to fly from earth to the other planets And Jesus Christ knows the work men for God who been there since the beginning surely aim to deliver Thanks Richard Branson Amen,2021-08-16
ZmVlZGJhY2s6MTAxNTkzNzQyNDYwOTkyOTc=,,,Love it can t wait to take a flight üöÄüåè,2021-08-16
ZmVlZGJhY2s6MTAxNTkzNzQyNDYwOTkyOTc=,,,Why use so much CGI in your promotional video Not the best impression for future astronauts and investorsüòï,2021-08-15
ZmVlZGJhY2s6MTAxNTkzNzQyNDYwOTkyOTc=,,,Virgin galactic 100 dollar ooooo yeaaaaa buy buy,2021-08-16
ZmVlZGJhY2s6MTAxNTkzNzQyNDYwOTkyOTc=,,,The stock is getting hammered For next quarter earnings update the public on hypersonic point to point travel Haven t heard anything about it since August 2020,2021-08-15
ZmVlZGJhY2s6MTAxNTkzNzQyNDYwOTkyOTc=,,,Magnifique 3,2021-08-27
ZmVlZGJhY2s6MTAxNTkzNzQyNDYwOTkyOTc=,,,Yes Hundreds documentaries later about space and universe Can t wait to experience this and die a happy woman,2021-08-15
ZmVlZGJhY2s6MTAxNTkzNzQyNDYwOTkyOTc=,,,Buying apportunity we just have to load up on space stocks that is the next Big thing just starting Imagine a deadly virus on earth and everyone want to escape to space we share holders will be instant millioniaries,2021-08-15
ZmVlZGJhY2s6MTAxNTkzNzQyNDYwOTkyOTc=,,,,2021-08-17
ZmVlZGJhY2s6MTAxNTkzNzQyNDYwOTkyOTc=,,,They built the 3rd ship,2021-08-16
ZmVlZGJhY2s6MTAxNTkzNzQyNDYwOTkyOTc=,,,All the best virigin Galactic team ‚ù£Ô∏è‚ù£Ô∏è‚ù£Ô∏è,2021-08-15
ZmVlZGJhY2s6MTAxNTkzNzQyNDYwOTkyOTc=,,,Nothing technology will not do üëèüëç,2021-08-19
ZmVlZGJhY2s6MTAxNTkzNzQyNDYwOTkyOTc=,,,That s the dream right there,2021-08-15
ZmVlZGJhY2s6MTAxNTkzNzQyNDYwOTkyOTc=,,,I will go one day to the Space It s a revolutionary invention ‚ù§Ô∏è,2021-08-17
ZmVlZGJhY2s6MTAxNTkzNzQyNDYwOTkyOTc=,,,I love the design üòç,2021-08-16
ZmVlZGJhY2s6MTAxNTkzNzQyNDYwOTkyOTc=,,,STB‚Ä¶ Do you need money again,2021-08-16
ZmVlZGJhY2s6MTAxNTkzNzQyNDYwOTkyOTc=,,,It s nice to see some positivity on here for a change instead of the usual coordinated band of trolls I guess they must all be busy at a doughnut convention or something Well done Virgin on some fantastic engineering and innovation Keep up the good work,2021-08-15
ZmVlZGJhY2s6MTAxNTkzNzQyNDYwOTkyOTc=,,,Buy buy buy it s Bull time virgin in 3 days 70 dollar buy buy buy,2021-08-16
ZmVlZGJhY2s6MTAxNTkzNzQyNDYwOTkyOTc=,,,To bad it s not space but close,2021-08-15
ZmVlZGJhY2s6MTAxNTkzNzQyNDYwOTkyOTc=,,,I just want to know how soon he will have an actual spacecraft ready for use One that can get to the space station or the moon I have no interest in 30 secconds of weightlessness But walking on the Moon for a couple of days Now that s a trip I would pay good money for,2021-08-16
ZmVlZGJhY2s6MTAxNTkzNzQyNDYwOTkyOTc=,,,edge of space,2021-08-15
ZmVlZGJhY2s6MTAxNTkzNzQyNDYwOTkyOTc=,,,got my tickets for the drawing also i have been waiting to go into space since i started to watch star trek in the 60 s but who knows it s to expensive and i m just a dreamer i have sky dived probably the closest i will ever come,2021-08-17
ZmVlZGJhY2s6MTAxNTkzNzQyNDYwOTkyOTc=,,,Look at training videos of what crew members do at Mach speeds and look what this crew is doing there walking around drinking drinks this is absolutely ludicrous,2021-08-19
ZmVlZGJhY2s6MTAxNTkzNzQyNDYwOTkyOTc=,,,Very awesome dream,2021-08-31
ZmVlZGJhY2s6MTAxNTkzNzQyNDYwOTkyOTc=,,,Great,2021-08-16
ZmVlZGJhY2s6MTAxNTkzNzQyNDYwOTkyOTc=,,,Only for the rich,2021-08-25
ZmVlZGJhY2s6MTAxNTkzNzQyNDYwOTkyOTc=,,,Wonderful,2021-08-19
ZmVlZGJhY2s6MTAxNTkzNzQyNDYwOTkyOTc=,,,Liers,2021-08-19
ZmVlZGJhY2s6MTAxNTkzNzQyNDYwOTkyOTc=,,,l√™n n√†o ‚ö°‚úã 3,2021-08-17
ZmVlZGJhY2s6MTAxNTkzNzQyNDYwOTkyOTc=,,,When is the next launch,2021-08-22
ZmVlZGJhY2s6MTAxNTkzNzQyNDYwOTkyOTc=,,,This looks clean asf unlike Jeff bezos who looks like he got all his parts from a junkyard üòÅ,2021-08-25
ZmVlZGJhY2s6MTAxNTkzNzQyNDYwOTkyOTc=,,,Kaufen long virgin frigday 25 dollar long long long monday 63 dollar virgin long long it s Bull time,2021-08-16
ZmVlZGJhY2s6MTAxNTkzNzQyNDYwOTkyOTc=,,,Great work,2021-08-16
ZmVlZGJhY2s6MTAxNTkzNzQyNDYwOTkyOTc=,,,I m ready,2021-08-15
ZmVlZGJhY2s6MTAxNTkzNzQyNDYwOTkyOTc=,,,üí´,2021-08-15
ZmVlZGJhY2s6MTAxNTkzNzQyNDYwOTkyOTc=,,,I m entered,2021-08-15
ZmVlZGJhY2s6MTAxNTkzNzQyNDYwOTkyOTc=,,,Wow superb üôèüôèüôè,2021-08-15
ZmVlZGJhY2s6MTAxNTkzNzQyNDYwOTkyOTc=,,,Dreaming about it üå∫,2021-08-15
ZmVlZGJhY2s6MTAxNTkzNzQyNDYwOTkyOTc=,,,Wow,2021-08-15
ZmVlZGJhY2s6MTAxNTkzNzQyNDYwOTkyOTc=,,,Congratulations,2021-08-15
ZmVlZGJhY2s6MTAxNTkzNzQyNDYwOTkyOTc=,,,Towards stars Well congratulations,2021-08-15
ZmVlZGJhY2s6MTAxNTkzNzQyNDYwOTkyOTc=,,,So high üòä,2021-08-15
ZmVlZGJhY2s6MTAxNTkzNzQyNDYwOTkyOTc=,,,üï≥Ô∏è‚Ñ¢Ô∏è‚ú® TX VIRGIN CALACTIC ‚ú®üá∫üá∏üá∫üá∏üá∫üá∏ Marek ü§î‚ú®üï≥Ô∏è‚Ñ¢Ô∏è nice present and beautiful future ‚ú®‚Ñ¢Ô∏è üï≥Ô∏è,2021-08-15
ZmVlZGJhY2s6MTAxNTkzNTMyODczNDkyOTc=,,,Greg Johnson Hello I heard that he is going on the next flight soon this link might be useful already purchased mine expensive but I know is going to be worthy it,2021-08-05
ZmVlZGJhY2s6MTAxNTkzNTMyODczNDkyOTc=,,,Greg Johnson,2021-08-09
ZmVlZGJhY2s6MTAxNTkzNTMyODczNDkyOTc=,,,Looking forward to flying with you in the near future,2021-08-05
ZmVlZGJhY2s6MTAxNTkzNTMyODczNDkyOTc=,,,This is a crazy idea But I‚Äôd love to know what kind of conversations Richard Branson had with Elon Musk,2021-08-05
ZmVlZGJhY2s6MTAxNTkzNTMyODczNDkyOTc=,,,I will be able to tell my grandchildren I lived on Earth in such an era when Virgin Galactic started to fly üôÇ Thank you Sir Richard Branson You ve got a beautiful dream and you shared it with us Indeed it s the most interesting point in human history,2021-08-06
ZmVlZGJhY2s6MTAxNTkzNTMyODczNDkyOTc=,,,Sorry I may be thick But of what benefit to human kind is this and the weightlessness can be produced at a massive lower cost and pollution by a simple plane Virgin has had its hyman broken with promises of everything a bit like most woman Shame Someone died for this Fairground Ride,2021-08-05
ZmVlZGJhY2s6MTAxNTkzNTMyODczNDkyOTc=,,,Can t wait to see what you achieve the future is exciting,2021-08-05
ZmVlZGJhY2s6MTAxNTkzNTMyODczNDkyOTc=,,,There seems to be a lot of Top Fans trying their best to big up this fairground ride Hope they are paid well,2021-08-06
ZmVlZGJhY2s6MTAxNTkzNTMyODczNDkyOTc=,,,Let s all hop on the Space trip of a life time for 10mins It s a great step forward for human kind Don t forget your goodie bag Rich idiots funfair No benefit to mankind only Beardies Ego Elon must be passing his pants,2021-08-06
ZmVlZGJhY2s6MTAxNTkzNTMyODczNDkyOTc=,,,Please let me win the Omaze trip üôè,2021-08-05
ZmVlZGJhY2s6MTAxNTkzNTMyODczNDkyOTc=,,,Good to see this unfolding gradually Richard Branson has been my hero Hope to take purchase future tickets soon,2021-08-08
ZmVlZGJhY2s6MTAxNTkzNTMyODczNDkyOTc=,,,Lots of jealous people here If people don t like what theses men are doing with space travel why should they be given all there money They are supplying millions of jobs They don t wave a magic wand and the space ship pop out of nowhere If you want to save the world become a billionaire and save the world How much do you do right now to saving the planet yourself You can lie to everyone else what you do BUT you can lie to YOURSELF,2021-08-07
ZmVlZGJhY2s6MTAxNTkzNTMyODczNDkyOTc=,,,I can‚Äôt believe that in 2021 where we are all trying to cut down on greenhouse gas that a company like yours burns fuel to take the wealthiest of us all on 15 minute ego trip in space,2021-08-05
ZmVlZGJhY2s6MTAxNTkzNTMyODczNDkyOTc=,,,ready to travel with you next time there s nothing better than enjoying the wonderful things that exist in space,2021-08-05
ZmVlZGJhY2s6MTAxNTkzNTMyODczNDkyOTc=,,,Only system I would trust It flys What rush it would be when the Rocket fires up You have manual control of the entire flight Good thinking being how your in the atmosphere most of the time Wish I could go Looking forward to the next flight Good luck Virgin,2021-08-06
ZmVlZGJhY2s6MTAxNTkzNTMyODczNDkyOTc=,,,Virgin Galactic I think that the company is a market that grows and flourishes so call for buying a stock before it goes up and rises Seize the opportunity,2021-08-07
ZmVlZGJhY2s6MTAxNTkzNTMyODczNDkyOTc=,,,She has an idea which is to travel in space and there are not many competitors that count as fingers,2021-08-07
ZmVlZGJhY2s6MTAxNTkzNTMyODczNDkyOTc=,,,367 Entries it would be simply amazing,2021-08-05
ZmVlZGJhY2s6MTAxNTkzNTMyODczNDkyOTc=,,,Will I be able to plug in my laptop on the trip and will there be free WiFI,2021-08-09
ZmVlZGJhY2s6MTAxNTkzNTMyODczNDkyOTc=,,,When you finally make it to deep space are you changing your name to Galactic,2021-08-05
ZmVlZGJhY2s6MTAxNTkzNTMyODczNDkyOTc=,,,Keep going with your flights don t bother to return to earth,2021-08-05
ZmVlZGJhY2s6MTAxNTkzNTMyODczNDkyOTc=,,,Nice,2021-08-05
ZmVlZGJhY2s6MTAxNTkzNTMyODczNDkyOTc=,,,‚ù§‚ù§‚ù§,2021-08-05
ZmVlZGJhY2s6MTAxNTkzNTMyODczNDkyOTc=,,,Looking forward to flying with you in the near future,2021-08-05
ZmVlZGJhY2s6MTAxNTkzNTMyODczNDkyOTc=,,,Here s where it all started back in 2004 I made this movie about it Sir Richard is in it,2021-08-05
ZmVlZGJhY2s6MTAxNTkzNTMyODczNDkyOTc=,,,Neil deGrasse Tyson said you guys didn t really reach space at the height you were you couldn t even see the earth s curvature An Astrophysicist said it not me ü§∑üèΩ‚Äç‚ôÇÔ∏è,2021-08-05
ZmVlZGJhY2s6MTAxNTkzNTMyODczNDkyOTc=,,,Awesome Would really love this,2021-08-08
ZmVlZGJhY2s6MTAxNTkzNTMyODczNDkyOTc=,,,Well‚Ä¶mixed feelings Love what they dream of ‚Äúanyone can go to space‚Äù but now that they have pretty much doubled price‚Ä¶i believe not everyone can go to space Too bad Such a great dream Still thinking‚Ä¶,2021-08-28
ZmVlZGJhY2s6MTAxNTkzNTMyODczNDkyOTc=,,,The planet is literally on fire and you re doing this I m not one of your shills This is stupid,2021-08-15
ZmVlZGJhY2s6MTAxNTkzNTMyODczNDkyOTc=,,,Truly amazing thank you for making dreams come true Priceless ‚ô•Ô∏è,2021-08-11
ZmVlZGJhY2s6MTAxNTkzNTMyODczNDkyOTc=,,,Out of all the private organizations going to space I like Richard Branson the best he seems to be an actual genuine human being when it comes to Elon musk and Jeff bezos those two people need some serious human being blood in them,2021-08-07
ZmVlZGJhY2s6MTAxNTkzNTMyODczNDkyOTc=,,,I m a bit confused Is it space or space,2021-08-05
ZmVlZGJhY2s6MTAxNTkzNTMyODczNDkyOTc=,,,This should not be a priority right now Disgusted with these billionaires,2021-08-15
ZmVlZGJhY2s6MTAxNTkzNTMyODczNDkyOTc=,,,My target price 3000,2021-08-06
ZmVlZGJhY2s6MTAxNTkzNTMyODczNDkyOTc=,,,What about the people that support your space travel by putting their money into your company And continuously watch it go away I ve supported you from the very beginning but I still just watch my money wilter away with your company again and again,2021-08-12
ZmVlZGJhY2s6MTAxNTkzNTMyODczNDkyOTc=,,,Gee i was so close to braking even Then BANG dropped like a lead pipe what a mess,2021-08-06
ZmVlZGJhY2s6MTAxNTkzNTMyODczNDkyOTc=,,,Looking great,2021-08-06
ZmVlZGJhY2s6MTAxNTkzNTMyODczNDkyOTc=,,,And yet you still sue the NHS,2021-08-12
ZmVlZGJhY2s6MTAxNTkzNTMyODczNDkyOTc=,,,SPCE is the stock ticker I own some,2021-08-06
ZmVlZGJhY2s6MTAxNTkzNTMyODczNDkyOTc=,,,,2021-08-13
ZmVlZGJhY2s6MTAxNTkzNTMyODczNDkyOTc=,,,Brave Dream is reality üòä,2021-08-10
ZmVlZGJhY2s6MTAxNTkzNTMyODczNDkyOTc=,,,Nuts to spend that amount of money for a seat Hahahaha dummies,2021-08-06
ZmVlZGJhY2s6MTAxNTkzNTMyODczNDkyOTc=,,,85Km 106Km 21Km üòÇüòÇüòÇ,2021-08-05
ZmVlZGJhY2s6MTAxNTkzNTMyODczNDkyOTc=,,,Yes we are watching history the share price collapsing so far nearly 30 in 2 days you treat your dshareholders like idiots It is a disgrace and your company should be investigated,2021-08-12
ZmVlZGJhY2s6MTAxNTkzNTMyODczNDkyOTc=,,,,2021-08-09
ZmVlZGJhY2s6MTAxNTkzNTMyODczNDkyOTc=,,,PAY US THE 250M NOW,2021-08-06
ZmVlZGJhY2s6MTAxNTkzNTMyODczNDkyOTc=,,,I m going to Space ‚úäüòé‚ù§,2021-08-05
ZmVlZGJhY2s6MTAxNTkzNTMyODczNDkyOTc=,,,Its a pleasure to be aboard sir,2021-08-05
ZmVlZGJhY2s6MTAxNTkzNTMyODczNDkyOTc=,,,Thankyou for not giving up,2021-08-05
ZmVlZGJhY2s6MTAxNTkzNTMyODczNDkyOTc=,,,Thank you Sir commander Sir üëç,2021-08-05
ZmVlZGJhY2s6MTAxNTkzNTMyODczNDkyOTc=,,,You‚Äôre very welcome,2021-08-05
ZmVlZGJhY2s6MTAxNTkzOTQ1MTk0MzkyOTc=,,,This is a massive benefit to Mankind What a waste of resources Rich Boys Fairground Ride,2021-08-27
ZmVlZGJhY2s6MTAxNTkzOTQ1MTk0MzkyOTc=,,,I want to go to space please choose me i really want this,2021-08-28
ZmVlZGJhY2s6MTAxNTkzOTQ1MTk0MzkyOTc=,,,A billionaire who could spend his money to create clean energy ü§î,2021-08-28
ZmVlZGJhY2s6MTAxNTkzOTQ1MTk0MzkyOTc=,,,Billionaire goldfish tries to leave the bowl,2021-08-27
ZmVlZGJhY2s6MTAxNTkzOTQ1MTk0MzkyOTc=,,,Done this when it opened lol,2021-08-27
ZmVlZGJhY2s6MTAxNTkzOTQ1MTk0MzkyOTc=,,,Wow Great flying experience Virgin Galactic,2021-08-27
ZmVlZGJhY2s6MTAxNTkzOTQ1MTk0MzkyOTc=,,,Peter Herbert i pray we win dad how amazing would this be,2021-08-28
ZmVlZGJhY2s6MTAxNTkzOTQ1MTk0MzkyOTc=,,,Space flight very nice dream and very good very wonderful,2021-08-28
ZmVlZGJhY2s6MTAxNTkzOTQ1MTk0MzkyOTc=,,,Enjoyed your adventuring well deserved accomplishments over the years but this endeavor is purely feeding elitist egos and profiteering with no value beyond learning how to make martinis in zero gravity,2021-08-29
ZmVlZGJhY2s6MTAxNTkzOTQ1MTk0MzkyOTc=,,,sigh,2021-08-27
ZmVlZGJhY2s6MTAxNTkzOTQ1MTk0MzkyOTc=,,,To the person who wins this can you please record it for the flat earthers and please use your normal phone camera üòÇ,2021-08-27
ZmVlZGJhY2s6MTAxNTkzOTQ1MTk0MzkyOTc=,,,Well I‚Äôm happy for you Dickie ü•∞,2021-08-27
ZmVlZGJhY2s6MTAxNTkzOTQ1MTk0MzkyOTc=,,,I‚Äôm in Can‚Äôt say I didn‚Äôt try at the opportunity Again,2021-08-30
ZmVlZGJhY2s6MTAxNTkzOTQ1MTk0MzkyOTc=,,,Ah its FRIDAY the stock market is closed quick release a video or a press release that ruins investors ü§£,2021-08-27
ZmVlZGJhY2s6MTAxNTkzOTQ1MTk0MzkyOTc=,,,Loty w kosmos pozostajƒÖ tylko w sferze marze≈Ñ tym bardziej w Europie Polska mia≈Ça tylko jednego kosmonautƒô Miros≈Çaw Hermaszewski,2021-09-06
ZmVlZGJhY2s6MTAxNTkzOTQ1MTk0MzkyOTc=,,,zoveel geluk heb ik niet üò¢,2021-08-28
ZmVlZGJhY2s6MTAxNTkzOTQ1MTk0MzkyOTc=,,,This is a chance of a life time I m up for it,2021-08-28
ZmVlZGJhY2s6MTAxNTkzOTQ1MTk0MzkyOTc=,,,to Almost space and back NO Thanks,2021-08-31
ZmVlZGJhY2s6MTAxNTkzOTQ1MTk0MzkyOTc=,,,Wish i could win this,2021-08-28
ZmVlZGJhY2s6MTAxNTkzOTQ1MTk0MzkyOTc=,,,Hopefully if I win they will delay until I can actually leave Australia let alone the atmosphere,2021-08-28
ZmVlZGJhY2s6MTAxNTkzOTQ1MTk0MzkyOTc=,,,Hi bejos Enter enter enter I do live in the dream now hope maybe come true one day,2021-08-29
ZmVlZGJhY2s6MTAxNTkzOTQ1MTk0MzkyOTc=,,,Did Virgin finally stop asking the poor for handouts to help fund this rich people only space flight üòúü§£ü§¶‚Äç‚ôÇÔ∏è,2021-08-28
ZmVlZGJhY2s6MTAxNTkzOTQ1MTk0MzkyOTc=,,,Saludos desde Per√π,2021-08-27
ZmVlZGJhY2s6MTAxNTkzOTQ1MTk0MzkyOTc=,,,–ó–¥—Ä–∞–≤—Å—Ç–≤—É–π—Ç–µ –ê—Ä–º—è–Ω–µ —á—Ç–æ –æ–Ω —Ç–∞–º –≥–æ–≤–æ—Ä–∏—Ç,2021-08-28
ZmVlZGJhY2s6MTAxNTkzOTQ1MTk0MzkyOTc=,,,Julieta Gonzalez Tuchmann you can enter to win 2 free Tickets if you didn t already just wanted to make sure you knew about this üôÇ,2021-08-28
ZmVlZGJhY2s6MTAxNTkzOTQ1MTk0MzkyOTc=,,,No more flights till next summer Imma buy dip,2021-08-27
ZmVlZGJhY2s6MTAxNTkzOTQ1MTk0MzkyOTc=,,,Sheesh the whackos are quiet tonight,2021-08-27
ZmVlZGJhY2s6MTAxNTkzOTQ1MTk0MzkyOTc=,,,Great company doing great work Go Virgin Galactic,2021-08-27
ZmVlZGJhY2s6MTAxNTkzOTQ1MTk0MzkyOTc=,,,I will be flying with them Definitevly I bought thousands of entries at Omaze to win a trip up where we belong hehe Yes I know they will be flying in the beginning of 2022 I m trying to get a ride on the testflights aswell and hope to cross that f ng Karmanline at 100 km or entry interface what they call it in the spaceworld,2021-08-31
ZmVlZGJhY2s6MTAxNTkzOTQ1MTk0MzkyOTc=,,,Wow only 6 people laughing That 6 sane people,2021-08-31
ZmVlZGJhY2s6MTAxNTkzOTQ1MTk0MzkyOTc=,,,My crush Love this man,2021-08-28
ZmVlZGJhY2s6MTAxNTkzOTQ1MTk0MzkyOTc=,,,Awesome üëè,2021-08-28
ZmVlZGJhY2s6MTAxNTkzOTQ1MTk0MzkyOTc=,,,Ha ha ha this post to the ground ü§å‚ôªÔ∏è,2021-08-27
ZmVlZGJhY2s6MTAxNTkzOTQ1MTk0MzkyOTc=,,,ok boss,2021-08-27
ZmVlZGJhY2s6MTAxNTkzOTQ1MTk0MzkyOTc=,,,How about not asking for government bail outs and telling staff to take 8 weeks unpaid leave while spaffing billions on this vanity project eh Richard,2021-08-28
ZmVlZGJhY2s6MTAxNTkzOTQ1MTk0MzkyOTc=,,,Pick me,2021-08-27
ZmVlZGJhY2s6MTAxNTkzOTQ1MTk0MzkyOTc=,,,So tell us how your first flight got off course,2021-09-02
ZmVlZGJhY2s6MTAxNTkzOTQ1MTk0MzkyOTc=,,,Amaze com space,2021-08-28
ZmVlZGJhY2s6MTAxNTkzOTQ1MTk0MzkyOTc=,,,Walmart was not ripping people off with prepaid cards and mysteriously charging funds it nobody can trace I would happily volunteer for several hundred tickets Ill happily put my weight in,2021-09-01
ZmVlZGJhY2s6MTAxNTkzOTQ1MTk0MzkyOTc=,,,Welcome to the great con We ll fly you in the upper terrarium with a little help of CGI thru our fake port holes and you ll be happy to part with your dosh imagining you re in space Enjoy your fantasy,2021-08-31
ZmVlZGJhY2s6MTAxNTkzOTQ1MTk0MzkyOTc=,,,Again and again and again,2021-08-27
ZmVlZGJhY2s6MTAxNTkzOTQ1MTk0MzkyOTc=,,,i loved you,2021-08-28
ZmVlZGJhY2s6MTAxNTkzNTE0NjgyOTQyOTc=,,,Opening doors to rich people not everyone It‚Äôs amazing but still not for everyone only those with money,2021-08-04
ZmVlZGJhY2s6MTAxNTkzNTE0NjgyOTQyOTc=,,,Love the marketing Second 2 none,2021-08-03
ZmVlZGJhY2s6MTAxNTkzNTE0NjgyOTQyOTc=,,,Are those parachutes on their backs or something else Didn‚Äôt think they would be wearing them I can see at the lower altitudes they could be handy but much of the flight profile I doubt they would do you much good,2021-08-04
ZmVlZGJhY2s6MTAxNTkzNTE0NjgyOTQyOTc=,,,The best way to view the world is from space Best seat in town for sure üåç üåéüëçüèº,2021-08-04
ZmVlZGJhY2s6MTAxNTkzNTE0NjgyOTQyOTc=,,,Load the SPCE space ship up now before it rockets again My best investment ever Good news is imminent and just around the corner Next august test flight and finalization of 500 share offering speaks volume and portends huge things coming soon so now is a great entry point before the crowd gets in HODL HODL LONG TERM ALL THE WAY Time in the market beats and wins over timing the market,2021-08-04
ZmVlZGJhY2s6MTAxNTkzNTE0NjgyOTQyOTc=,,,The Earth is flat,2021-08-03
ZmVlZGJhY2s6MTAxNTkzNTE0NjgyOTQyOTc=,,,Hope I win the free ride Would be amazing,2021-08-03
ZmVlZGJhY2s6MTAxNTkzNTE0NjgyOTQyOTc=,,,Really really want to experience it but can t afford it right now,2021-08-03
ZmVlZGJhY2s6MTAxNTkzNTE0NjgyOTQyOTc=,,,Waiting for an official announcement regarding the reopening of ticket sales possibly during next er,2021-08-03
ZmVlZGJhY2s6MTAxNTkzNTE0NjgyOTQyOTc=,,,If I could only have the money to do this I would Fly people,2021-08-03
ZmVlZGJhY2s6MTAxNTkzNTE0NjgyOTQyOTc=,,,I so do wish I could,2021-08-05
ZmVlZGJhY2s6MTAxNTkzNTE0NjgyOTQyOTc=,,,NCAA already told you guys not to call yourself astronauts You re not astronauts You re simply taking a high priced joyride to the end of the atmosphere and back,2021-08-03
ZmVlZGJhY2s6MTAxNTkzNTE0NjgyOTQyOTc=,,,What we need is hypersonic flight now Lets talk about this during quarter earnings,2021-08-03
ZmVlZGJhY2s6MTAxNTkzNTE0NjgyOTQyOTc=,,,Wow It s a so stunning and breath taking experience to be in Space üòÆüëç‚ù§üôÇ,2021-08-05
ZmVlZGJhY2s6MTAxNTkzNTE0NjgyOTQyOTc=,,,I entered the competition can‚Äôt wait to get up there üôÇ,2021-08-04
ZmVlZGJhY2s6MTAxNTkzNTE0NjgyOTQyOTc=,,,Cor this ll shut the flat earthers up,2021-08-05
ZmVlZGJhY2s6MTAxNTkzNTE0NjgyOTQyOTc=,,,Remember when you were begging for tax payer money to save your airline What about suing the NHS You re not a sci fi legend you re more like Lex Luthor,2021-08-04
ZmVlZGJhY2s6MTAxNTkzNTE0NjgyOTQyOTc=,,,I can hardly wait I‚Äôm in line fir a ticket,2021-08-04
ZmVlZGJhY2s6MTAxNTkzNTE0NjgyOTQyOTc=,,,We should all leave earth and fly to space,2021-08-03
ZmVlZGJhY2s6MTAxNTkzNTE0NjgyOTQyOTc=,,,Much better than the competition,2021-08-03
ZmVlZGJhY2s6MTAxNTkzNTE0NjgyOTQyOTc=,,,Should we call it space passenger instead of Astronauts,2021-08-03
ZmVlZGJhY2s6MTAxNTkzNTE0NjgyOTQyOTc=,,,Man I hope y all turn your stock around It s a Bust Big lost,2021-08-03
ZmVlZGJhY2s6MTAxNTkzNTE0NjgyOTQyOTc=,,,I take that job pay for you all now Richard Sir Will this be alright now,2021-08-04
ZmVlZGJhY2s6MTAxNTkzNTE0NjgyOTQyOTc=,,,sir richard branson wow congrats virgin galactic,2021-08-04
ZmVlZGJhY2s6MTAxNTkzNTE0NjgyOTQyOTc=,,,Congratulations to go up were not many people can go,2021-08-03
ZmVlZGJhY2s6MTAxNTkzNTE0NjgyOTQyOTc=,,,I love it Amazing ‚Ä¶ Saludos desde üá®üá∑ Costa Rica Centroam√©rica,2021-08-03
ZmVlZGJhY2s6MTAxNTkzNTE0NjgyOTQyOTc=,,,So what is next How many space planes are being produced now What is the production rate When will the next flights be,2021-08-03
ZmVlZGJhY2s6MTAxNTkzNTE0NjgyOTQyOTc=,,,go go VG I m 2 Thomass Blake,2021-08-03
ZmVlZGJhY2s6MTAxNTkzNTE0NjgyOTQyOTc=,,,‚ù§‚ù§‚ù§‚ù§‚ù§‚ù§‚ù§‚ù§‚ù§‚ù§‚ù§‚ù§‚ù§‚ù§,2021-08-04
ZmVlZGJhY2s6MTAxNTkzNTE0NjgyOTQyOTc=,,,Wow üò≥,2021-08-04
ZmVlZGJhY2s6MTAxNTkzNTE0NjgyOTQyOTc=,,,üôèüôèüôè,2021-08-04
ZmVlZGJhY2s6MTAxNTkzNTE0NjgyOTQyOTc=,,,üëåüíØü§©ü§©ü§©ü§©,2021-08-04
ZmVlZGJhY2s6MTAxNTkzNTE0NjgyOTQyOTc=,,,Go Virgin Galactic üëçüë®‚ÄçüöÄ,2021-08-05
ZmVlZGJhY2s6MTAxNTkzNTE0NjgyOTQyOTc=,,,Not an astronaut Didn t break the Karman Line She is a high altitude pilot no more no less,2021-08-04
ZmVlZGJhY2s6MTAxNTkzNTE0NjgyOTQyOTc=,,,Let‚Äôs put 2001 A space Odyssey on TV again And follow it with a Virgin galactic documentary Then one day each week after that another one of the 2001 Seaquels and another virgin galactic documentary GOD Bless us All,2021-08-08
ZmVlZGJhY2s6MTAxNTkzNTE0NjgyOTQyOTc=,,,Adorable,2021-08-04
ZmVlZGJhY2s6MTAxNTkzNTE0NjgyOTQyOTc=,,,while i have to say i admire the technology i cant help asking what benefit it brings given the pollution this thing pours out to benefit a few Wildfires are out of control in the US and Europe countries are building renewable energy sources as fast as they can then this machine is contributing to undo the good work 10 years ago i would not have had this view but times are changing fast and Virgin need to see this,2021-08-07
ZmVlZGJhY2s6MTAxNTkzNTE0NjgyOTQyOTc=,,,Wait we are opening the door for anyone and everyone who wants to go to space Do you really believe that,2021-08-05
ZmVlZGJhY2s6MTAxNTkzNTE0NjgyOTQyOTc=,,,I still like Branson more than Bezos and Musk,2021-08-04
ZmVlZGJhY2s6MTAxNTkzNTE0NjgyOTQyOTc=,,,Would love to go but price needs to go down,2021-08-04
ZmVlZGJhY2s6MTAxNTkzNTE0NjgyOTQyOTc=,,,Can‚Äôt wait ü§©ü§©ü§©ü§©,2021-08-04
ZmVlZGJhY2s6MTAxNTkzNTE0NjgyOTQyOTc=,,,Let‚Äôs do it SPCE TO THE MOON üöÄüöÄüöÄüöÄ,2021-08-10
ZmVlZGJhY2s6MTAxNTkzNTE0NjgyOTQyOTc=,,,,2021-08-13
ZmVlZGJhY2s6MTAxNTkzNTE0NjgyOTQyOTc=,,,Why even have earnings calls All you do is repeat horrible numbers drop no news and allow no questions Silly The sad part is that there are a lot of things that need to happen that aren t Building a second mothership A real tour of the inside of the real cabin A reveal of spaceport third floor I mean the list goes on And all they can do is repeat COVID 19 over and over while SpaceX sets up its Mars booster as we speak,2021-08-05
ZmVlZGJhY2s6MTAxNTkzNTE0NjgyOTQyOTc=,,,Oh thats just the crack of apogee,2021-08-04
ZmVlZGJhY2s6MTAxNTkzNTE0NjgyOTQyOTc=,,,They are not astronauts Just space traveler passengers Don‚Äôt disrespect the true astronauts,2021-08-03
ZmVlZGJhY2s6MTAxNTkzMzI4NjY3MTkyOTc=,,,Looks like that rocked nozzle got chewed up a bit,2021-07-25
ZmVlZGJhY2s6MTAxNTkzMzI4NjY3MTkyOTc=,,,Virgin Galactic Come Fly the Friendly Stars,2021-07-26
ZmVlZGJhY2s6MTAxNTkzMzI4NjY3MTkyOTc=,,,Look at that beautiful Zia on the spectacular spacecraft,2021-07-25
ZmVlZGJhY2s6MTAxNTkzMzI4NjY3MTkyOTc=,,,Congrats Virgin Galactic team Love u Santhosh George Kulangara ‚ù£Ô∏è‚ù£Ô∏è‚ù£Ô∏è,2021-07-26
ZmVlZGJhY2s6MTAxNTkzMzI4NjY3MTkyOTc=,,,I want to be a space explorer,2021-07-25
ZmVlZGJhY2s6MTAxNTkzMzI4NjY3MTkyOTc=,,,I saw the contest for a trip I am not going Whoever wins should have a good time,2021-07-26
ZmVlZGJhY2s6MTAxNTkzMzI4NjY3MTkyOTc=,,,Your idea and design much more better for commercial and finally you have a very smooth landing PERFECTO,2021-07-25
ZmVlZGJhY2s6MTAxNTkzMzI4NjY3MTkyOTc=,,,How about that stock price tho lol can that go to SPCE too,2021-07-25
ZmVlZGJhY2s6MTAxNTkzMzI4NjY3MTkyOTc=,,,Edge of the earth,2021-07-25
ZmVlZGJhY2s6MTAxNTkzMzI4NjY3MTkyOTc=,,,Looks like space to me,2021-07-25
ZmVlZGJhY2s6MTAxNTkzMzI4NjY3MTkyOTc=,,,We need the SPCE 60,2021-07-25
ZmVlZGJhY2s6MTAxNTkzMzI4NjY3MTkyOTc=,,,Congratulations virgin galactic team from Bangladesh üáßüá©,2021-07-25
ZmVlZGJhY2s6MTAxNTkzMzI4NjY3MTkyOTc=,,,Just saying Virgin s launch was and is WAY COOLER than that other guy,2021-07-26
ZmVlZGJhY2s6MTAxNTkzMzI4NjY3MTkyOTc=,,,Why not use a real image,2021-07-25
ZmVlZGJhY2s6MTAxNTkzMzI4NjY3MTkyOTc=,,,did they send a drone out to take this pic,2021-07-25
ZmVlZGJhY2s6MTAxNTkzMzI4NjY3MTkyOTc=,,,Amazing,2021-07-27
ZmVlZGJhY2s6MTAxNTkzMzI4NjY3MTkyOTc=,,,To the stars,2021-07-25
ZmVlZGJhY2s6MTAxNTkzMzI4NjY3MTkyOTc=,,,As a layman it seems to me that this ship is much safer than Musk s or Bezos rockets,2021-07-26
ZmVlZGJhY2s6MTAxNTkzMzI4NjY3MTkyOTc=,,,You and me are going to have to sacrifice our cars and not use the heating in winter to pay for it,2021-08-10
ZmVlZGJhY2s6MTAxNTkzMzI4NjY3MTkyOTc=,,,I honoring my badge I received the other day Sir commander Sir üëç you re spaceship is a fine ship but Sir is pure awesomeness üòéüëçüòé,2021-07-25
ZmVlZGJhY2s6MTAxNTkzMzI4NjY3MTkyOTc=,,,Its just the wealthy bout yakking up the world they are allowed to do that because they have lots of money and allowed to do it,2021-08-10
ZmVlZGJhY2s6MTAxNTkzMzI4NjY3MTkyOTc=,,,Now that looks like a space ship,2021-07-26
ZmVlZGJhY2s6MTAxNTkzMzI4NjY3MTkyOTc=,,,Its about time to anounce the end of the offering Your stock is getting crushed,2021-07-25
ZmVlZGJhY2s6MTAxNTkzMzI4NjY3MTkyOTc=,,,Why do you say your giving two free rides when you have to pay for raffle tickets FAKE NEWS,2021-07-26
ZmVlZGJhY2s6MTAxNTkzMzI4NjY3MTkyOTc=,,,One day the stock of this company will sit somewhere between 200 500 I ll happily hold wait 20 30 years in this company Personaly I m not just in it for the money Im also really excited to see what this company can do,2021-07-25
ZmVlZGJhY2s6MTAxNTkzMzI4NjY3MTkyOTc=,,,PLEASE SEND A FLAT EARTHER IMMEDIATELY,2021-07-26
ZmVlZGJhY2s6MTAxNTkzMzI4NjY3MTkyOTc=,,,bon voyage human race take a good look at Nero playing his fiddle as the earth burns,2021-07-27
ZmVlZGJhY2s6MTAxNTkzMzI4NjY3MTkyOTc=,,,90 comments 3 k likes and your one of the biggest company‚Äôs in the world Your a joke,2021-07-30
ZmVlZGJhY2s6MTAxNTkzMzI4NjY3MTkyOTc=,,,You re not my friend Richard,2021-07-30
ZmVlZGJhY2s6MTAxNTkzMzI4NjY3MTkyOTc=,,,Just wondering what is the highest altitude the ship could reach and is dependent on the size of the fuel tank,2021-07-25
ZmVlZGJhY2s6MTAxNTkzMzI4NjY3MTkyOTc=,,,Pump and Dump Tiffany Haddish just spoke about VG on Money Netflix Episode ü§åüë®‚Äçüè´ made me think of VG,2021-07-25
ZmVlZGJhY2s6MTAxNTkzMzI4NjY3MTkyOTc=,,,Il est temps de faire une annonce,2021-07-25
ZmVlZGJhY2s6MTAxNTkzMzI4NjY3MTkyOTc=,,,üëç,2021-07-28
ZmVlZGJhY2s6MTAxNTkzMzI4NjY3MTkyOTc=,,,,2021-07-25
ZmVlZGJhY2s6MTAxNTkzMzI4NjY3MTkyOTc=,,,Change Communication Manager‚Ä¶ pls,2021-07-26
ZmVlZGJhY2s6MTAxNTkzMzI4NjY3MTkyOTc=,,,I will write that again Its just the wealthy boys kakking up the world they are allowed to do that because they have lots of money and allowed to do it,2021-08-10
ZmVlZGJhY2s6MTAxNTkzMzI4NjY3MTkyOTc=,,,Branson manipulating the hell out of this stock,2021-07-25
ZmVlZGJhY2s6MTAxNTkzMzI4NjY3MTkyOTc=,,,Wow Great and amazing üëç‚ù§Ô∏èüòÆ,2021-08-01
ZmVlZGJhY2s6MTAxNTkzMzI4NjY3MTkyOTc=,,,Do you mean that going on a joyride into space like Branson and Musk is actually less important than breathing And that all these fires are not just caused by campers cooking their dinner and all these floods are not fake reality shows and the coral being bleached isn t natural What a surprise,2021-08-10
ZmVlZGJhY2s6MTAxNTkzMzI4NjY3MTkyOTc=,,,When you figure out how to travel to and in space better than the Wile E Coyote 50 years old method and realize what I already have multiple working concept designs let me know when you have done that for space travel Until then not interested in your lottery contest for a ride on a rocket with wings,2021-07-31
ZmVlZGJhY2s6MTAxNTkzMzI4NjY3MTkyOTc=,,,Space is passed the plasma radiation barrier Nasa admits unable to pass you have been brainwashed EARTH IS NO SPINNING BALL IN OUR REALITY BY ANMY MEANS NESSESARY WE DO NOT LIVE ON A CARTOON AS EVERY IMAGE IF DOCTURED CGI STIL WAITING FOR ONE WITH NO FISH EYE LENS TO TRICK YOU AS THE HORIZION IS WARPED ITS ALWAYS FLAT LIKE RESTING WATER YOUR WELCOME,2021-08-01
ZmVlZGJhY2s6MTAxNTkzMzI4NjY3MTkyOTc=,,,SPACE IS FAKE YOU LIVE IN A DOME,2021-07-26
ZmVlZGJhY2s6MTAxNTkzMzI4NjY3MTkyOTc=,,,Great company,2021-07-25
ZmVlZGJhY2s6MTAxNTkzMzI4NjY3MTkyOTc=,,,Geil,2021-07-25
ZmVlZGJhY2s6MTAxNTkzMzI4NjY3MTkyOTc=,,,üé´,2021-07-25
ZmVlZGJhY2s6MTAxNTkzMzI4NjY3MTkyOTc=,,,ü§¶üèª‚Äç‚ôÇÔ∏è,2021-07-25
ZmVlZGJhY2s6MTAxNTkzMzI4NjY3MTkyOTc=,,,Plz make this saveable,2021-07-25
ZmVlZGJhY2s6MTAxNTkzMzI4NjY3MTkyOTc=,,,Thank you,2021-07-25
